{
  "closure_defect_delta": 0.96,
  "cnot_macro_unretained_input_info": 0.1414405425418206,
  "ratio_unretained_input_info": 8.070108626770319,
  "rm_delta": 0.9599999999999999,
  "xor_erased_macro_unretained_input_info": 1.1414405425418206
}
